{
  "id": "d2hvk3g3omtc738ivs3g",
  "backend": "ibm_brisbane",
  "state": {
    "status": "Completed"
  },
  "params": {
    "support_qiskit": false,
    "version": 2,
    "pubs": [
      [
        "OPENQASM 3.0;\ninclude \"stdgates.inc\";\ngate rzx(p0) _gate_q_0, _gate_q_1 {\n  h _gate_q_1;\n  cx _gate_q_0, _gate_q_1;\n  rz(p0) _gate_q_1;\n  cx _gate_q_0, _gate_q_1;\n  h _gate_q_1;\n}\ngate ecr _gate_q_0, _gate_q_1 {\n  rzx(pi/4) _gate_q_0, _gate_q_1;\n  x _gate_q_0;\n  rzx(-pi/4) _gate_q_0, _gate_q_1;\n}\nbit[4] c;\nrz(-pi) $0;\nsx $0;\nx $1;\nrz(pi/2) $1;\necr $1, $0;\nsx $0;\nrz(pi/6) $0;\nrz(-pi/2) $1;\nsx $1;\nrz(-3*pi/4) $1;\nsx $1;\nrz(pi/2) $1;\nx $2;\nrz(pi/2) $2;\necr $2, $1;\nsx $1;\nrz(pi/6) $1;\nsx $1;\nrz(-pi/2) $1;\necr $1, $0;\nsx $0;\nrz(-pi/2) $1;\nsx $1;\nrz(-pi/4) $1;\nsx $1;\necr $1, $0;\nsx $0;\nrz(1.439896632895321) $0;\nrz(-pi) $1;\nsx $1;\nrz(-pi/2) $2;\nsx $2;\nrz(-5*pi/6) $2;\nsx $2;\nrz(pi/2) $2;\nx $3;\nrz(pi/2) $3;\necr $3, $2;\nsx $2;\nrz(pi/6) $2;\nsx $2;\nrz(-pi/2) $2;\necr $2, $1;\nsx $1;\nrz(-pi/2) $2;\nsx $2;\nrz(-pi/4) $2;\nsx $2;\necr $2, $1;\nrz(1.908768422432935) $1;\nsx $1;\nrz(-2.5405731417947974) $1;\nsx $1;\nrz(3.038822307803212) $1;\nrz(-pi) $2;\nsx $2;\nrz(-5*pi/6) $3;\nsx $3;\nrz(-pi/2) $3;\necr $3, $2;\nsx $2;\nrz(-pi/2) $3;\nsx $3;\nrz(-pi/4) $3;\nsx $3;\necr $3, $2;\nrz(-0.5254310541274938) $2;\nsx $2;\nrz(-2.9825063244716645) $2;\nsx $2;\nrz(-0.5254310541275009) $2;\nsx $3;\nrz(13*pi/15) $3;\nsx $3;\nrz(pi/2) $3;\nc[0] = measure $0;\nc[1] = measure $1;\nc[2] = measure $2;\nc[3] = measure $3;\n",
        [],
        1024
      ]
    ]
  },
  "program": {
    "id": "sampler"
  },
  "user_id": "IBMid-698000ZX24",
  "created": "2025-08-19T04:14:06.631833Z",
  "tags": [
    "Composer"
  ],
  "cost": 10000,
  "status": "Completed"
}